<?xml version="1.0" encoding="UTF-8"?>
<project-private xmlns="http://www.netbeans.org/ns/project-private/1">
    <editor-bookmarks xmlns="http://www.netbeans.org/ns/editor-bookmarks/2" lastBookmarkId="0"/>
    <open-files xmlns="http://www.netbeans.org/ns/projectui-open-files/2">
        <group>
            <file>file:/C:/Users/Sharad/Desktop/MarriageApplocation/src/mainPackage/UserSignIn.java</file>
            <file>file:/C:/Users/Sharad/Desktop/MarriageApplocation/src/mainPackage/Profile.java</file>
            <file>file:/C:/Users/Sharad/Desktop/MarriageApplocation/src/mainPackage/AllProfile.java</file>
            <file>file:/C:/Users/Sharad/Desktop/MarriageApplocation/src/mainPackage/Manager.java</file>
            <file>file:/C:/Users/Sharad/Desktop/MarriageApplocation/src/mainPackage/Choice.java</file>
            <file>file:/C:/Users/Sharad/Desktop/MarriageApplocation/src/mainPackage/UserLogin.java</file>
            <file>file:/C:/Users/Sharad/Desktop/MarriageApplocation/src/mainPackage/MatchFrame.java</file>
            <file>file:/C:/Users/Sharad/Desktop/MarriageApplocation/src/mainPackage/MainClass.java</file>
            <file>file:/C:/Users/Sharad/Desktop/MarriageApplocation/src/mainPackage/Login.java</file>
            <file>file:/C:/Users/Sharad/Desktop/MarriageApplocation/src/mainPackage/OwnProfile.java</file>
            <file>file:/C:/Users/Sharad/Desktop/MarriageApplocation/src/mainPackage/userloginWindow.java</file>
        </group>
    </open-files>
</project-private>
